Tipo de Evento,Descrição
Uso de sudo,2026-09-20T22:10:56.470967+00:00 runnervmtr4k5 sudo: pam_unix(sudo:session): session closed for user root
Uso de sudo,2026-09-28T13:40:24.729940+00:00 runnervmtr4k5 sudo:     root : PWD=/ ; USER=root ; COMMAND=/usr/bin/fallocate -l 3G /swapfile
Uso de sudo,2026-09-28T13:40:24.730502+00:00 runnervmtr4k5 sudo: pam_unix(sudo:session): session opened for user root(uid=0) by (uid=0)
Uso de sudo,2026-09-28T13:40:24.735207+00:00 runnervmtr4k5 sudo: pam_unix(sudo:session): session closed for user root
Uso de sudo,2026-09-28T13:40:24.740877+00:00 runnervmtr4k5 sudo:     root : PWD=/ ; USER=root ; COMMAND=/usr/bin/chmod 600 /swapfile
Uso de sudo,2026-09-28T13:40:24.741202+00:00 runnervmtr4k5 sudo: pam_unix(sudo:session): session opened for user root(uid=0) by (uid=0)
Uso de sudo,2026-09-28T13:40:24.742829+00:00 runnervmtr4k5 sudo: pam_unix(sudo:session): session closed for user root
Uso de sudo,2026-09-28T13:40:24.748055+00:00 runnervmtr4k5 sudo:     root : PWD=/ ; USER=root ; COMMAND=/usr/sbin/mkswap /swapfile
Uso de sudo,2026-09-28T13:40:24.748375+00:00 runnervmtr4k5 sudo: pam_unix(sudo:session): session opened for user root(uid=0) by (uid=0)
Uso de sudo,2026-09-28T13:40:24.770563+00:00 runnervmtr4k5 sudo: pam_unix(sudo:session): session closed for user root
Uso de sudo,2026-09-28T13:40:24.774991+00:00 runnervmtr4k5 sudo:     root : PWD=/ ; USER=root ; COMMAND=/usr/sbin/swapon /swapfile
Uso de sudo,2026-09-28T13:40:24.775079+00:00 runnervmtr4k5 sudo: pam_unix(sudo:session): session opened for user root(uid=0) by (uid=0)
Uso de sudo,2026-09-28T13:40:24.778414+00:00 runnervmtr4k5 sudo: pam_unix(sudo:session): session closed for user root
Uso de sudo,2026-09-28T13:40:25.643003+00:00 runnervmtr4k5 sudo:     root : PWD=/ ; USER=runner ; COMMAND=/usr/bin/mkdir -p /home/runner/actions-runner/cached/2.336.0
Uso de sudo,2026-09-28T13:40:25.643628+00:00 runnervmtr4k5 sudo: pam_unix(sudo:session): session opened for user runner(uid=1001) by (uid=0)
Uso de sudo,2026-09-28T13:40:25.644883+00:00 runnervmtr4k5 sudo: pam_unix(sudo:session): session closed for user runner
Uso de sudo,2026-09-28T13:40:25.649023+00:00 runnervmtr4k5 sudo:     root : PWD=/ ; USER=runner ; COMMAND=/usr/bin/tar -xf /opt/runner-cache/actions-runner-linux-x64-2.336.0.tar.gz -C /home/runner/actions-runner/cached/2.336.0
Uso de sudo,2026-09-28T13:40:25.649584+00:00 runnervmtr4k5 sudo: pam_unix(sudo:session): session opened for user runner(uid=1001) by (uid=0)
Uso de sudo,2026-09-28T13:40:30.479953+00:00 runnervmtr4k5 sudo: pam_unix(sudo:session): session closed for user runner
Uso de sudo,2026-09-28T13:40:30.486909+00:00 runnervmtr4k5 sudo:     root : PWD=/ ; USER=runner ; COMMAND=/usr/bin/mkdir -p /home/runner/actions-runner/cached/2.337.0
Uso de sudo,2026-09-28T13:40:30.487480+00:00 runnervmtr4k5 sudo: pam_unix(sudo:session): session opened for user runner(uid=1001) by (uid=0)
Uso de sudo,2026-09-28T13:40:30.488697+00:00 runnervmtr4k5 sudo: pam_unix(sudo:session): session closed for user runner
Uso de sudo,2026-09-28T13:40:30.492540+00:00 runnervmtr4k5 sudo:     root : PWD=/ ; USER=runner ; COMMAND=/usr/bin/tar -xf /opt/runner-cache/actions-runner-linux-x64-2.337.0.tar.gz -C /home/runner/actions-runner/cached/2.337.0
Uso de sudo,2026-09-28T13:40:30.493139+00:00 runnervmtr4k5 sudo: pam_unix(sudo:session): session opened for user runner(uid=1001) by (uid=0)
Uso de sudo,2026-09-28T13:40:35.242157+00:00 runnervmtr4k5 sudo: pam_unix(sudo:session): session closed for user runner
Uso de sudo,2026-09-28T13:40:35.249477+00:00 runnervmtr4k5 sudo:     root : PWD=/ ; USER=runner ; COMMAND=/usr/bin/mkdir -p /opt/runner-cache
Uso de sudo,2026-09-28T13:40:35.250055+00:00 runnervmtr4k5 sudo: pam_unix(sudo:session): session opened for user runner(uid=1001) by (uid=0)
Uso de sudo,2026-09-28T13:40:35.251299+00:00 runnervmtr4k5 sudo: pam_unix(sudo:session): session closed for user runner
Uso de sudo,2026-09-28T13:40:35.402698+00:00 runnervmtr4k5 sudo:     root : PWD=/ ; USER=root ; COMMAND=/usr/bin/tee /etc/needrestart/conf.d/hosted-compute-agent.conf
Uso de sudo,2026-09-28T13:40:35.402921+00:00 runnervmtr4k5 sudo: pam_unix(sudo:session): session opened for user root(uid=0) by (uid=0)
Uso de sudo,2026-09-28T13:40:35.404339+00:00 runnervmtr4k5 sudo: pam_unix(sudo:session): session closed for user root
Uso de sudo,2026-09-28T13:40:35.860050+00:00 runnervmtr4k5 sudo:   runner : PWD=/ ; USER=root ; COMMAND=/usr/bin/rm /opt/hca/provjobd
Uso de sudo,2026-09-28T13:40:35.860273+00:00 runnervmtr4k5 sudo:   runner : PWD=/opt/hca ; USER=root ; ENV=PROVJOBD_E2E=1 ; COMMAND=/tmp/provjobd93741514
Uso de sudo,2026-09-28T13:40:35.860384+00:00 runnervmtr4k5 sudo: pam_unix(sudo:session): session opened for user root(uid=0) by (uid=1001)
Uso de sudo,2026-09-28T13:40:35.860684+00:00 runnervmtr4k5 sudo: pam_unix(sudo:session): session opened for user root(uid=0) by (uid=1001)
Uso de sudo,2026-09-28T13:40:35.862120+00:00 runnervmtr4k5 sudo: pam_unix(sudo:session): session closed for user root
